Query,Clicks,Impressions,CTR,Position
miratrix,71,760,9.34%,6.23
app marketing agency uk,23,398,5.78%,3.36
mobile marketing agency london,11,2529,0.43%,3.97
app marketing uk,9,261,3.45%,2.01
app marketing agency,7,9860,0.07%,39.21
mobile marketing agency,7,5361,0.13%,21.81
mobile advertising agency london,7,1191,0.59%,3.64
mobile app marketing agency,5,6057,0.08%,44.85
aso audit,5,112,4.46%,55.86
mobile advertising agency,4,2085,0.19%,25.14
mobile marketing services uk,4,1059,0.38%,7.98
app store optimisation agency,4,998,0.4%,19.6
app marketing agency london,4,907,0.44%,3.32
app competitor analysis,4,907,0.44%,27.52
nick duddy,4,60,6.67%,8.47
mobile app marketing uk,3,980,0.31%,2.24
mobile app advertising agency,2,1772,0.11%,32.88
mobile marketing agency uk,2,1765,0.11%,4.29
app marketing company,2,1655,0.12%,26.13
app marketing,2,1310,0.15%,49.19
mobile app marketing company,2,904,0.22%,10.98
app marketing london,2,654,0.31%,3.43
mobile advertising agency uk,2,603,0.33%,3.95
app marketing company uk,2,56,3.57%,3.34
escort apps,2,25,8%,26.4
mobile agency london,1,2600,0.04%,14.25
app store optimization agency,1,2589,0.04%,35.79
app marketing services,1,1859,0.05%,23.02
aso agency,1,1603,0.06%,60.34
app advertising agency,1,1367,0.07%,20.95
mobile marketing uk,1,818,0.12%,59.41
app store optimisation agencies,1,817,0.12%,20.81
mobile app marketing london,1,769,0.13%,3.08
mobile ad agency,1,698,0.14%,17.72
app store optimisation london,1,152,0.66%,1.74
driodcon,1,151,0.66%,5.35
app store optimization london,1,149,0.67%,1.22
mtx62,1,72,1.39%,6.69
mobile agencies london,1,72,1.39%,12.36
rendevu app download,1,57,1.75%,22.26
mobile app competitor analysis,1,55,1.82%,9.91
at app,1,54,1.85%,8.98
flutter ecommerce app,1,48,2.08%,37.69
escort app,1,42,2.38%,30.02
23 golden square,1,39,2.56%,7.69
rendevu uk app,1,14,7.14%,14.71
download rendevu app,1,14,7.14%,25
clueful app,1,11,9.09%,74.18
aso london,1,10,10%,36.7
natwest gambling block,1,9,11.11%,12
download rendevu,1,7,14.29%,16.57
escort apps uk,1,6,16.67%,10
marketing strategy agency london,1,6,16.67%,185.33
app store optimisation services,1,5,20%,52
uninstall wandera,1,5,20%,56.4
mobvista,1,4,25%,49.5
how to download rendevu,1,2,50%,15
mobile app agency london,0,4218,0%,68.31
app agency london,0,3372,0%,50.05
mobile app marketing services,0,1966,0%,25.94
mobile app marketing agencies,0,1924,0%,45.71
mobile advertising london,0,1602,0%,17.46
mobile marketing agencies,0,1468,0%,20.08
app agency,0,1354,0%,76.49
mobile marketing london,0,1307,0%,42.94
mobile app marketing companies,0,1289,0%,31.92
mobile creative agency london,0,1147,0%,9.09
mobile app agency,0,1139,0%,90.91
aso agencies,0,1080,0%,64.52
best mobile app marketing agency,0,1068,0%,42.37
top mobile marketing agencies,0,1049,0%,28.55
mobile app marketing firms,0,930,0%,23.87
app store optimisation,0,904,0%,105.33
app marketing companies,0,857,0%,43.53
london mobile app agency,0,788,0%,68.78
mobile marketing company,0,785,0%,81.77
top mobile app marketing agencies,0,772,0%,32.19
app london agency,0,760,0%,27.01
app store optimization agencies,0,758,0%,75.56
seo consultancy,0,711,0%,195.08
app store optimisation consultants,0,709,0%,67.9
app store optimization consultant,0,707,0%,37.03
app store optimization services,0,691,0%,35.68
mobile marketing companies london,0,684,0%,6.66
mobile media agency,0,682,0%,59.28
top mobile app marketing companies,0,680,0%,63.67
top mobile advertising agencies,0,644,0%,39.98
app store optimization china,0,644,0%,64.25
facebook marketing agency london,0,634,0%,81.27
facebook marketing services london,0,633,0%,71.44
top app marketing companies,0,605,0%,64.21
website optimization london,0,602,0%,85.25
mobile strategy agency,0,591,0%,11.65
full service mobile marketing agency,0,588,0%,25.63
mobile marketing companies,0,581,0%,69.39
best mobile advertising agency,0,579,0%,33.46
appstore keyword tool,0,560,0%,78.94
marketing an app,0,556,0%,81.19
best app marketing companies,0,535,0%,58.32
mobile app agency uk,0,518,0%,88.47
app marketing agencies,0,516,0%,45.16
mobile agency uk,0,469,0%,10.43
app store optimization consultants,0,468,0%,81
app store optimization linkedin,0,455,0%,52.78
paid app marketing,0,454,0%,46.96
mobile marketing companies uk,0,445,0%,7.4
app store marketing,0,443,0%,73.12
marketing agency mobile apps,0,434,0%,54.26
mobile marketing jobs,0,429,0%,85.48
app marketing company london,0,415,0%,3.91
"mobile agency london,",0,397,0%,13.18
top app store optimisation companies,0,380,0%,69.26
search marketing agency london,0,380,0%,158.86
app store keyword research,0,377,0%,88.87
app store keyword ranking,0,361,0%,88.53
mobile advertising agency usa,0,360,0%,57.39
android app marketing london,0,358,0%,6.5
app store optimisation package,0,358,0%,67.03
whatsapp marketing,0,346,0%,86.85
aso share chat,0,345,0%,74.36
app agency uk,0,337,0%,53.13
aso web,0,333,0%,42.78
mobile growth stack,0,322,0%,67.61
mobile apps agency,0,320,0%,71.72
ppc management agency london,0,317,0%,101.05
top app store optimisation company,0,307,0%,72.02
seo consultant,0,300,0%,270.9
paid social agency london,0,297,0%,82.06
aso cannibalisation,0,287,0%,18.36
mobile agency,0,286,0%,18.5
app store optimisation company,0,285,0%,72.26
best mobile app marketing companies,0,280,0%,65.37
mobile marketing services,0,279,0%,69.51
ios app marketing services,0,269,0%,53.31
keyword tool appstore,0,269,0%,64.65
moble app marketing agency,0,266,0%,7.18
best app marketing,0,260,0%,83
app marketing service,0,255,0%,33.15
mobile marketing agency berlin,0,248,0%,43.75
mobile app advertising companies,0,242,0%,71.24
mobile app optimisation,0,239,0%,79.4
fight against insurance fraud,0,233,0%,88.56
top mobile marketing agency,0,232,0%,74.43
smartphone app marketing,0,216,0%,57.97
app store optimization agentur,0,215,0%,36.3
mobile apps for inbound marketing,0,213,0%,67.43
android app marketing service,0,210,0%,72.77
android app marketing,0,206,0%,112.38
agency app,0,205,0%,29.76
mobile app retention benchmarks,0,201,0%,90.9
app strategy agency,0,199,0%,6.79
facebook advertising company london,0,199,0%,66.96
arcore developers uk,0,195,0%,61.74
app store keyword tool,0,195,0%,70.07
rendevu app,0,194,0%,43.56
small business seo,0,188,0%,259.04
retail app agency,0,187,0%,30.73
app marketing companies 2014,0,185,0%,19.86
app rankings,0,181,0%,74.2
uber for escorts,0,180,0%,70.26
appstore marketing,0,178,0%,61.94
yelp business login,0,173,0%,61.2
best mobile marketing agency,0,170,0%,34.36
facebook advertising service london,0,170,0%,69.52
facebook ads agency london,0,170,0%,69.64
mobile app marketing,0,168,0%,101.33
best mobile app marketing company,0,167,0%,62.45
youtube marketing london,0,161,0%,132.95
ios app marketing company,0,159,0%,65.98
app marketing video,0,158,0%,74.52
app store keywords,0,156,0%,89.81
facebook marketing london,0,156,0%,94.06
mobile app promotion services,0,154,0%,61.2
app store optimisation service,0,154,0%,69.53
marketing through mobile apps,0,153,0%,84.29
mobyaffiliates,0,152,0%,21.78
keyword tool google play,0,148,0%,74.05
app store optimization 2014,0,146,0%,82.4
mobile advertising company,0,145,0%,21.39
mobile app marketing berlin,0,145,0%,77.4
app store keyword tools,0,145,0%,80.28
aviate app,0,143,0%,21.43
mobile advertising companies uk,0,142,0%,11.23
app store optimization windows phone,0,142,0%,88.23
teensafe uk,0,141,0%,102.41
mobile app install ad agency,0,137,0%,70.88
mobile and app marketing,0,135,0%,86.9
top mobile app marketing company in london,0,132,0%,8.77
agency apps,0,132,0%,81.2
appstore keyword tools,0,127,0%,77.36
ppc audit london,0,126,0%,62.41
healthunlocked app,0,122,0%,9.78
mobile marketing consultancy,0,122,0%,66.96
ppc check,0,121,0%,74.83
best mobile advertising companies,0,120,0%,88.37
marketing management london,0,119,0%,87.8
storebot,0,117,0%,73.03
appstore ranking checker,0,114,0%,72.54
seo consultancy agency,0,112,0%,83.27
facebook advertising london,0,110,0%,68.75
optimisat,0,109,0%,3.66
aso keyword tool,0,109,0%,84.96
android app marketing agency,0,108,0%,80.5
rendevu,0,107,0%,47.03
ad management london,0,106,0%,47.58
mira instagram,0,104,0%,66.85
apps world london,0,102,0%,58.29
yahoo mail,0,100,0%,75.34
mobile advertising companies,0,100,0%,81.58
add a business to yelp,0,99,0%,93.3
london marketing companies uk,0,98,0%,84.45
best london apps,0,97,0%,92.37
mobile app store marketing,0,96,0%,83.26
prioridata alternatives,0,93,0%,47.72
app developers alliance,0,93,0%,58.35
uk mobile app agency,0,93,0%,96.38
app marketing campaign,0,92,0%,82.16
seo consultancy london,0,92,0%,142.75
getapp co,0,90,0%,73.07
app marketing techniques,0,88,0%,78.83
top app marketing agencies,0,87,0%,53.83
android app marketing company,0,87,0%,63.07
app marketing tools,0,87,0%,79.38
marketing mobile apps,0,86,0%,76.48
findface app,0,85,0%,74.88
app rank boosting,0,83,0%,85.08
prioridata alternative,0,82,0%,41.8
android application agency,0,82,0%,75.51
instant apps,0,82,0%,87.94
lucky cash,0,82,0%,90.23
best mobile agency,0,81,0%,38.48
black hat aso,0,80,0%,47.29
grumpnow,0,79,0%,44.95
aso marketing,0,79,0%,58.52
apple app store,0,76,0%,74.21
ua facebook,0,75,0%,8.59
mobile advertising agencies,0,75,0%,18.56
apps world 2014,0,75,0%,30.45
aso tips,0,75,0%,69.99
applights app,0,74,0%,76.26
london mobile agency marketing,0,73,0%,1.79
mobile banking app for blackberry,0,73,0%,61.79
london app agency,0,72,0%,44.57
escort marketing,0,72,0%,64.35
custome,0,72,0%,73.25
app store optimization packages,0,72,0%,90.44
clash royale beta,0,70,0%,50.5
channel optimisation london,0,70,0%,61
search marketing agency,0,70,0%,72.61
app store optimization uk,0,69,0%,5.1
app promotion agency,0,69,0%,51.7
app store uk,0,69,0%,72.42
app store optimisation solutions,0,66,0%,20.7
facebook marketing service london,0,66,0%,76.89
app store optimization techniques,0,66,0%,88.44
app store optimization agency uk,0,65,0%,3.72
app store optimization service uk,0,65,0%,4.46
google play,0,65,0%,36.49
app store optimization experts uk,0,64,0%,3.19
qype login,0,64,0%,54.83
best mobile marketing companies,0,64,0%,67.33
google play keyword research,0,64,0%,87.78
app store optimization service agency in uk,0,63,0%,3.84
apention,0,62,0%,10.34
iphone app marketing services,0,62,0%,68.48
google spy,0,62,0%,80.23
seo agencies,0,62,0%,360.39
marketing for mobile apps,0,61,0%,75.38
mobile app market,0,61,0%,85.46
app optimisation,0,61,0%,86.82
vouchercloud,0,61,0%,91.43
appstore keyword research,0,61,0%,92.61
aps berlin,0,60,0%,13.92
sscalc,0,60,0%,58.53
app store ads,0,60,0%,69.92
instagram paid ads,0,60,0%,89.37
mobile retention,0,59,0%,91.12
android application agencies,0,58,0%,72.29
facebook advertising services london,0,58,0%,82.78
android marketing agency,0,58,0%,83.5
app developers manchester,0,58,0%,99.05
content optimisation london,0,57,0%,68.32
wework app,0,57,0%,77.51
flutter ecommerce,0,56,0%,32.84
app competitor analysis tools,0,56,0%,44.2
marketing app store,0,56,0%,72.29
instagram paid advertising,0,56,0%,81.57
wtf clash royale,0,55,0%,36.02
mira pokemon,0,55,0%,54.8
spy fue keyword,0,54,0%,21.61
appkeywords,0,54,0%,59.26
ppc agency,0,53,0%,235.38
mobile app marketing service,0,52,0%,15.02
apple store,0,52,0%,83.58
aso 500,0,51,0%,8.08
storefreeze,0,51,0%,13.31
threat research falseguide,0,51,0%,79.41
mobile phone gambling,0,51,0%,94.08
search optimization london,0,51,0%,99.65
mobile marketing services london,0,50,0%,4.32
caci apps,0,50,0%,58.36
blippar app,0,50,0%,76.64
best mobile app marketing,0,50,0%,89.24
pinme,0,49,0%,40.35
app promotion summit berlin,0,49,0%,70.45
google play marketing,0,49,0%,78.37
sophisticated malware,0,48,0%,86.85
inbound marketing agency london,0,48,0%,96.9
iphone app marketing london,0,47,0%,5.3
top mobile marketing companies,0,47,0%,60.32
storematch,0,47,0%,71.57
family guy trix,0,46,0%,27.76
taiga phone,0,46,0%,40.22
app marketing optimization,0,46,0%,83.39
ppc tools,0,46,0%,140.48
london seo consultancy,0,46,0%,164.2
cpi ads,0,45,0%,48.42
selfie city,0,45,0%,57.76
facebook remarketing agency london,0,45,0%,87.18
seo companies,0,45,0%,347.11
mobile advertising agencies uk,0,44,0%,6.84
ppc management london,0,44,0%,135
alan partridge buzzfeed,0,43,0%,60.02
mira share app,0,43,0%,82.28
app store optimization 2015,0,43,0%,85.51
otomos,0,42,0%,13.81
mobile strategy london,0,42,0%,33.98
pokemon mira,0,42,0%,54.48
mobile apps marketing service,0,42,0%,77.93
ppc services,0,42,0%,340.24
cpi facebook ads,0,41,0%,36.34
gun app,0,41,0%,42.63
best aso agency,0,41,0%,51.68
maps optimisation agency london,0,41,0%,57.44
top marketing companies london,0,41,0%,76.95
rockets phone,0,41,0%,79.44
sexting app android,0,41,0%,82
app store optimization research,0,40,0%,63.75
pay per click audit london,0,40,0%,78.1
diy seo for small business,0,40,0%,80.1
playads,0,39,0%,7.97
candy crush 724,0,39,0%,68.18
app store optimization keyword volume,0,39,0%,85.92
organic marketing agency,0,39,0%,94.62
seo company,0,39,0%,377.79
mobile marketing and advertising companies in london,0,38,0%,7.39
facebook ads london,0,38,0%,76.84
search engine marketing company,0,38,0%,172.34
aso services in uk,0,37,0%,2.14
rendevu app uk,0,37,0%,27.05
app store install ads agency,0,37,0%,42.35
aso tool,0,37,0%,75.46
paid marketing agency,0,37,0%,80.62
mobile marketing firms,0,37,0%,82
app store keyword search volume,0,37,0%,93.84
mobile app retention,0,37,0%,124.89
search engine optimisation companies,0,37,0%,289.24
alternative to prioridata,0,36,0%,43.08
selfiecity,0,36,0%,64.92
nationwide app,0,36,0%,77.56
app store marketing strategy,0,36,0%,93.36
peak app,0,36,0%,94.58
rendevu download,0,35,0%,10.34
app store london,0,35,0%,40.94
clash royale wtf,0,35,0%,45.4
tps protect app,0,35,0%,47.69
edadeal,0,35,0%,59.06
mobile app marketing manchester,0,35,0%,67.51
dominos instagram,0,35,0%,77.4
mental health marketing,0,35,0%,84.09
aso analysis,0,35,0%,84.29
sup app,0,35,0%,85.71
google play store,0,35,0%,89.97
london marketing agencies uk,0,35,0%,92.4
check app ranking,0,34,0%,49.26
apigee corp,0,34,0%,72.74
local mobile marketing,0,34,0%,75.09
video optimization services uk,0,34,0%,76.71
rugby world cup app,0,34,0%,76.85
seo scene,0,34,0%,84.94
agency mobile,0,34,0%,88.79
facebook advertising agency,0,34,0%,91.65
medical messaging service,0,34,0%,93.88
seo,0,34,0%,252.79
d trix instagram,0,33,0%,63.24
hp workspace,0,33,0%,63.48
mira app,0,33,0%,73.52
diy seo,0,33,0%,265.79
leading mobile advertising agency uk,0,32,0%,10.56
mira phones,0,32,0%,34.97
london apps android,0,32,0%,76.75
bump app store,0,32,0%,78.47
mobile advertising uk,0,32,0%,82.91
berlin to bangkok,0,32,0%,86.94
app store rankings,0,32,0%,91.25
moby affiliates,0,31,0%,39.74
mobile insurance fraud,0,31,0%,53.16
sexting app,0,31,0%,66.23
mobile marketing consulting,0,31,0%,68.1
mobile data in uk,0,31,0%,83.26
best marketing apps,0,31,0%,84.32
london marketing agency uk,0,31,0%,87.16
staxter,0,30,0%,41.53
best app marketing agencies,0,30,0%,62.33
competitor analysis uk,0,30,0%,76.93
seo for small business,0,30,0%,261.83
mobile marketing agencies uk,0,29,0%,4.52
tv app retention benchmarks,0,29,0%,11.83
aps london,0,29,0%,62.21
google play ads,0,29,0%,64.48
aso tools,0,29,0%,81.9
competitor analysis metrics,0,29,0%,83.41
app store optimization factors,0,29,0%,89.52
mobile marketing agency usa,0,29,0%,89.79
seo service,0,29,0%,413.34
aso marketing agency,0,28,0%,28.46
appcpi,0,28,0%,29.46
marketing app optimization,0,28,0%,47.96
mobile phone insurance fraud,0,28,0%,54
web marketing mobile,0,28,0%,84.57
app developers oldham,0,28,0%,90.93
paid social agency,0,28,0%,137.39
miratrix power rangers,0,27,0%,23.41
mobile phone fraud,0,27,0%,50.52
understand app rankings,0,27,0%,56.96
marketing through apps,0,27,0%,69
mobile advertising services,0,27,0%,78.74
app marketing mobile,0,27,0%,78.89
app search optimisation,0,27,0%,87.52
app store keyword research tool,0,27,0%,92.52
mobile phone frauds,0,26,0%,78.12
soho marketing agency,0,26,0%,85.69
seo agency,0,26,0%,308.65
blackhat aso,0,25,0%,42.92
text message marketing for taxis,0,25,0%,66.12
peakcan,0,25,0%,66.92
store audit app,0,25,0%,77
tsb authentication app,0,25,0%,83.72
appstore keyword ranking,0,25,0%,84.84
london inbound marketing agency,0,25,0%,90.56
facebook ads agency,0,25,0%,152.4
mtx42,0,24,0%,9.46
fortnite upskirt,0,24,0%,12.71
amzon app store,0,24,0%,32.75
digital envelopes,0,24,0%,47.29
tesco mobile banking app,0,24,0%,63.75
youuuuu,0,24,0%,68.54
applights,0,24,0%,86
app store optimisation consultant,0,24,0%,86.04
paid marketing company,0,24,0%,89
aso best practice,0,24,0%,93.46
digital receipts app,0,24,0%,94.29
marketing video london,0,24,0%,159.46
local mobile marketing services,0,23,0%,6.3
mtx9,0,23,0%,49.09
hearthstone google play,0,23,0%,52.91
incent marketing,0,23,0%,55.7
facebook ad agency london,0,23,0%,64.78
candy crush ad,0,23,0%,67.91
mobile app marketing usa,0,23,0%,72.87
marketing with mobile apps,0,23,0%,84.35
mobile app marketing firm,0,23,0%,90
what is app store optimisation,0,23,0%,90.96
marketing agency uk,0,23,0%,244.74
mira family guy,0,22,0%,29.73
mobile agencies,0,22,0%,50.68
yboo,0,22,0%,64.86
family guy apps,0,22,0%,67.59
aso video strategy,0,22,0%,82.14
app store algorithm,0,22,0%,90.32
plynk,0,22,0%,92.45
facebook agency account,0,22,0%,92.86
mtx65,0,21,0%,23.19
paid advertising agency london,0,21,0%,59.05
724 candy crush,0,21,0%,61.29
android sexting app,0,21,0%,81.1
apptentive sdk,0,21,0%,86.52
aso kpis,0,21,0%,88
android application marketing service,0,21,0%,88.52
aso keyword research,0,21,0%,94.52
app uninstall rate,0,21,0%,94.9
mobile seo agency,0,20,0%,4.6
rendevu app android,0,20,0%,14.85
tesco mobile register,0,20,0%,20.9
mobile display advertising agency,0,20,0%,30.6
mobile marketing in the uk,0,20,0%,37.05
play to cure genes in space,0,20,0%,45.85
mobile display advertising companies,0,20,0%,76.5
top 10 mobile marketing companies,0,20,0%,78.55
michael hageloh,0,20,0%,83.2
app store keyword optimization,0,20,0%,87.15
app fantastic,0,20,0%,91.25
mobile apps london,0,20,0%,94.65
snapchat spectacles marketing,0,20,0%,95.8
ios app promotion services,0,20,0%,97
yo-marketing,0,19,0%,60.47
escorts marketing,0,19,0%,63.63
priori data competitors,0,19,0%,65.26
unusual apps,0,19,0%,66.58
cpi marketing,0,19,0%,68.79
aso uk,0,19,0%,75.68
bbc iplayer app windows 10,0,19,0%,78.79
santander mobile banking apps android market,0,19,0%,80.74
evento app store optimization,0,19,0%,86.32
instatram,0,18,0%,9.94
beta clash royale,0,18,0%,43.06
google trix,0,18,0%,59
skin vision,0,18,0%,71.83
google play keyword tool,0,18,0%,77.83
play store marketing,0,18,0%,88.67
mobile marketing service,0,18,0%,92.5
top mobile advertising companies,0,18,0%,94.89
ppc agency london,0,18,0%,114.06
inbound marketing agencies uk,0,18,0%,124.72
seo services,0,18,0%,394.28
aso services company in uk,0,17,0%,2.59
appstorebot,0,17,0%,10.12
mobile app competitive analysis,0,17,0%,27
rendevu app australia,0,17,0%,32.47
app marketing firms,0,17,0%,35.06
application optimisation,0,17,0%,72.12
top advertising companies london,0,17,0%,74.12
google local places,0,17,0%,79.12
skyscanner app,0,17,0%,83.82
apps for marketing,0,17,0%,95.82
business app agency,0,17,0%,97.59
app store optimisation android,0,17,0%,105.18
app store optimization company,0,17,0%,108.65
video duddy app,0,16,0%,8
trivago ukie,0,16,0%,12.44
healthunlocked app android,0,16,0%,13.69
rendevu uk,0,16,0%,25.19
tps protect,0,16,0%,35.25
cpi facebook,0,16,0%,38.12
heart attack app android,0,16,0%,46
trix google,0,16,0%,51.44
simpsons v family guy,0,16,0%,57.31
app companies london,0,16,0%,60.56
mira co uk,0,16,0%,62.12
blackhat scene,0,16,0%,64.62
vodafone creating a mobile app,0,16,0%,71.88
mobile phone dating,0,16,0%,72.75
tapdaq,0,16,0%,74.38
play store keyword research,0,16,0%,85.69
google play keyword tools,0,16,0%,87.06
app keyword ranking,0,16,0%,92.25
app marketing website,0,16,0%,93
marketing apps for android,0,16,0%,97.75
app store keyword search,0,16,0%,100.06
tescobank.com/apps,0,15,0%,22.67
supermarket queues,0,15,0%,54.73
app promotion summit,0,15,0%,55.93
google spy app,0,15,0%,69.07
alan partridge world cup,0,15,0%,71.47
mira facebook,0,15,0%,72.27
marketing company perth,0,15,0%,80
tamagotchi hacking,0,15,0%,80.13
trix strain,0,15,0%,83
aso and mobile devices,0,15,0%,83.73
google local place,0,15,0%,84.6
google play keywords,0,15,0%,90.47
phone app marketing,0,15,0%,91.13
marketing a new mobile app,0,15,0%,93.73
appstore install ads agency,0,14,0%,18.21
inlink marketing,0,14,0%,35.64
pinme app,0,14,0%,49.21
apps marketing agency,0,14,0%,51
sup video app,0,14,0%,64.64
selfiecity camera,0,14,0%,67.57
shopping apps uk,0,14,0%,72.36
paid agency london,0,14,0%,73.21
mobile sexting app,0,14,0%,74.79
candy crush ads,0,14,0%,75.64
application optimization services,0,14,0%,83.57
advertising companies in london,0,14,0%,86.57
youtube video content london,0,14,0%,86.57
blackhat app,0,14,0%,86.86
mobile apps for charity,0,14,0%,179
raj sark,0,13,0%,34.23
mtx store,0,13,0%,38.77
appstore uk,0,13,0%,44.08
icon strong,0,13,0%,48.31
dog barking app,0,13,0%,55.23
mobile app developers oldham,0,13,0%,61.69
next mobile app,0,13,0%,63.85
yelp uk business,0,13,0%,65.54
vouchercloud app,0,13,0%,67.62
instagram mira,0,13,0%,72.85
datadeck,0,13,0%,74.77
facebook ads agency uk,0,13,0%,83.85
clueful,0,13,0%,87.77
app marketing blogs,0,13,0%,89
fitness marketing agency,0,13,0%,91.23
top marketing agencies london,0,13,0%,148
aso app,0,13,0%,175.85
cpi icon,0,12,0%,11.25
mobile app competitors,0,12,0%,16.58
mira soundcloud,0,12,0%,27.17
changify,0,12,0%,36.83
bink app,0,12,0%,37.92
best aso agencies,0,12,0%,42.75
overwatch prisma,0,12,0%,59.83
blippar app review,0,12,0%,60.92
appsnext,0,12,0%,62.58
natwest book appointment,0,12,0%,65.5
phablet research,0,12,0%,69.08
intellicare app,0,12,0%,72.67
paid advertising london,0,12,0%,73.5
sexting apps for android,0,12,0%,81
mira marketing,0,12,0%,86.08
ads on fb,0,12,0%,86.58
istore uk,0,12,0%,87.08
marketing companies near me,0,12,0%,89
ads fb,0,12,0%,91.83
marketing apps,0,12,0%,122.33
app store optimization,0,12,0%,154.83
best london marketing agency,0,12,0%,222.5
mtx7,0,11,0%,10.36
agency app store,0,11,0%,12.36
selfie pic,0,11,0%,13.55
great mobile advertising agency,0,11,0%,23.27
overapps,0,11,0%,28
webvirgins,0,11,0%,38.64
selfie city app,0,11,0%,43.45
taiga mobile,0,11,0%,49.82
store bot,0,11,0%,51
tesco bank zdnet,0,11,0%,54.55
findface app download,0,11,0%,56.64
pinme tracking app,0,11,0%,60.45
viop business,0,11,0%,63.64
phone insurance fraud,0,11,0%,68.18
d-trix instagram,0,11,0%,69.64
marketing companies in london uk,0,11,0%,80.82
how to use blippar,0,11,0%,81.27
ads on candy crush,0,11,0%,81.36
spies app,0,11,0%,83
facebook graph api places,0,11,0%,85.82
sony golden square,0,11,0%,86.91
yelp business page login,0,11,0%,87.45
oval money,0,11,0%,90
app marketing best practice,0,11,0%,92.91
cashless payment apps,0,11,0%,94.82
yelp business listing,0,11,0%,95.27
aso company,0,11,0%,95.82
android sexting apps,0,11,0%,97.45
flutter banking app,0,10,0%,10.9
mobile markting agency,0,10,0%,16.2
app promotion companies,0,10,0%,22.1
soundcloud mira,0,10,0%,35.2
klevio,0,10,0%,39.7
cqc hacked,0,10,0%,41.7
ecommerce flutter,0,10,0%,42.6
selfiecity app,0,10,0%,43.1
apple store marketing,0,10,0%,49.8
uber escort app,0,10,0%,49.9
strong icon,0,10,0%,58.6
mira move,0,10,0%,60.9
candy crush advertising,0,10,0%,63.4
voucher cloud app,0,10,0%,67.3
nick app store,0,10,0%,71.9
algo app,0,10,0%,73.6
sms marketing companies in uk,0,10,0%,76
yahoomail,0,10,0%,78.3
sexting app for android,0,10,0%,80.8
facebook login,0,10,0%,81.8
search marketing clever stewie,0,10,0%,81.9
oversophisticated,0,10,0%,82.1
o for,0,10,0%,82.2
mobile app marketing companies india,0,10,0%,86.4
app store keyword rankings,0,10,0%,87.2
fantastic app,0,10,0%,91.6
mobile app firms,0,10,0%,93.2
search engine marketing companies,0,10,0%,130.4
app paid keywords,0,10,0%,138.3
agency appstore,0,9,0%,8.44
surviving the app store,0,9,0%,11
storespy,0,9,0%,12.33
markter,0,9,0%,17.44
tesco mobile registration,0,9,0%,18.22
natwest block gambling,0,9,0%,24
integrated search marketing,0,9,0%,27.56
mira agency,0,9,0%,29.11
tescobank.com/registration,0,9,0%,29.78
mobile marketing agency manchester,0,9,0%,36.78
betray app,0,9,0%,37.44
tesco banking register,0,9,0%,56.11
skyscanner uk app,0,9,0%,57.33
blippar review,0,9,0%,61.56
mira mobile app,0,9,0%,63.67
smart trix,0,9,0%,68.44
skyscanner app store,0,9,0%,71.67
mtx48,0,9,0%,72
top marketing companies in london,0,9,0%,77.78
guess who's back,0,9,0%,79.56
spy google,0,9,0%,79.89
mtx5,0,9,0%,80.56
app ranking and market,0,9,0%,80.78
itunes store_n a,0,9,0%,84.44
myths about app store optimization,0,9,0%,84.67
play store app,0,9,0%,85.11
mtx 18,0,9,0%,86.56
gpapp,0,9,0%,87.33
any.do review,0,9,0%,88.78
apps agency,0,9,0%,88.78
payments marketing,0,9,0%,88.89
top marketing agencies,0,9,0%,92
app store advertising,0,9,0%,93.89
mobile app design london,0,9,0%,100.78
mira pwa,0,8,0%,5.12
mobile ad agencies,0,8,0%,22.75
hearthstone google play credit,0,8,0%,24.5
wells green escorts,0,8,0%,37.88
play to cure,0,8,0%,38.12
findface google play,0,8,0%,39
the app marketing agency,0,8,0%,40.88
t mobile advertising agency,0,8,0%,43.38
alcoholic apps,0,8,0%,51.75
alan partridge app,0,8,0%,51.88
facebook cpi,0,8,0%,54.25
viper marketing,0,8,0%,61.62
mobiquity headquarters,0,8,0%,62.75
truepic app,0,8,0%,63.88
steam link uk,0,8,0%,69.38
lee clarke bink,0,8,0%,69.75
trix app,0,8,0%,71.38
facebook app marketing,0,8,0%,72.25
blink bank,0,8,0%,72.38
voice activated gps app,0,8,0%,73.25
whatsapp security flaw,0,8,0%,74.62
taigaphone,0,8,0%,75.12
escort mira,0,8,0%,76.25
skype wifi,0,8,0%,77
the app store uk,0,8,0%,77.75
apps store apple,0,8,0%,79
skyscanner uk mobile,0,8,0%,80.5
google app store,0,8,0%,81.5
appy halloween,0,8,0%,83.38
paid social instagram,0,8,0%,84.38
upwork app,0,8,0%,85.5
quick mobile app,0,8,0%,85.75
prioridata competitors,0,8,0%,86
tesco smart phones,0,8,0%,86.62
peak flow calculator nhs,0,8,0%,87
marketing agencies london uk,0,8,0%,87.38
google store,0,8,0%,88.38
crime reporting app,0,8,0%,89.25
aso campaigns,0,8,0%,90.88
by mobile,0,8,0%,91
mobile application marketing companies,0,8,0%,92
app store optimization tool,0,8,0%,93.5
personal assistant apps,0,8,0%,93.62
guardians mobile app,0,8,0%,96.62
the app store,0,8,0%,102.12
ppc agencies,0,8,0%,213.25
mtx8,0,7,0%,9
advertising mobile agency,0,7,0%,16.57
uber for escort app,0,7,0%,33.29
trix leaks,0,7,0%,34.86
mobile app install agency,0,7,0%,35.71
all about image,0,7,0%,37
natwest budget app,0,7,0%,43.71
app competitive analysis,0,7,0%,47
app marketers,0,7,0%,48.29
analysis eu us lomas techcrunch,0,7,0%,48.71
barking dog app,0,7,0%,50.71
sexting apps android,0,7,0%,56
mira event noisy,0,7,0%,58.14
glued app,0,7,0%,61.43
play store,0,7,0%,62.86
google play hearthstone,0,7,0%,64.43
tesco bank register,0,7,0%,66
uk shopping apps,0,7,0%,70
alan partridge drunk,0,7,0%,71.86
apps store uk,0,7,0%,72.29
wp app store,0,7,0%,73.86
mtx60,0,7,0%,75
popular apps 2016,0,7,0%,76.14
aso apple,0,7,0%,77
strong app,0,7,0%,78.14
app store apple,0,7,0%,78.29
goodsam app,0,7,0%,78.57
peak can,0,7,0%,80.57
supapp,0,7,0%,82.14
cpi to dpi conversion,0,7,0%,83.14
casumo contact number,0,7,0%,83.57
apple store london,0,7,0%,84.29
appsworld,0,7,0%,85.14
aviate launcher,0,7,0%,86.71
mira ar,0,7,0%,87.86
mira investments,0,7,0%,88.43
apple search ads uk,0,7,0%,88.57
web optimization london,0,7,0%,89.14
say shopping,0,7,0%,89.29
aviate management,0,7,0%,89.71
facebook agency,0,7,0%,92
new chat messenger,0,7,0%,92
london app,0,7,0%,92.43
app search optimization company,0,7,0%,93.86
youtube advertising agency london,0,7,0%,97.43
app store optimization proposal,0,7,0%,98.14
competitor analysis agency,0,7,0%,196.57
mobile gambling,0,7,0%,211
mobile seo marketing,0,6,0%,4.67
23 golden square london,0,6,0%,8
biggest drawback,0,6,0%,8.67
power rangers miratrix,0,6,0%,14.5
app advertising agencies,0,6,0%,18
register tesco mobile,0,6,0%,19
mobile marketing agency america,0,6,0%,19.5
mtx10,0,6,0%,22.67
mobile advertising agency cost,0,6,0%,22.83
escort app android,0,6,0%,25
mtx6,0,6,0%,27.5
app store advertising agency,0,6,0%,28.17
mobile advertising consultant,0,6,0%,28.67
social campaign mobile app design agency,0,6,0%,30
about mobile advertising agency,0,6,0%,36
app store location,0,6,0%,36.5
yingmob,0,6,0%,36.83
uk appstore,0,6,0%,38
affiliatefest,0,6,0%,40
burrito waterloo station,0,6,0%,42
mobile app marketing consultant,0,6,0%,42
vouchercloud new look,0,6,0%,43.33
cpi mobile,0,6,0%,48.33
applights hack,0,6,0%,49.17
opodo app,0,6,0%,51.17
blu phones uk,0,6,0%,52.33
hotline dating app,0,6,0%,52.67
mobile app marketers,0,6,0%,52.83
pothole app,0,6,0%,54.83
phonefarm,0,6,0%,55.33
wru app,0,6,0%,56.83
grdian,0,6,0%,58
panic mode android,0,6,0%,58.17
app promotion services,0,6,0%,59.67
crush ads,0,6,0%,61.33
zoopark malware,0,6,0%,61.5
close casumo account,0,6,0%,62
in-aisle payments,0,6,0%,62.67
sophisticated android malware,0,6,0%,62.67
ppc mobile,0,6,0%,63
taskrabbit bristol,0,6,0%,63
trix rules,0,6,0%,63
app store england,0,6,0%,64.33
strava security,0,6,0%,64.33
app store,0,6,0%,66
nickelodeon app world,0,6,0%,67.17
flock app store,0,6,0%,68.33
bpme app uk,0,6,0%,73.17
barclaycard iphone app,0,6,0%,73.33
west briton ads,0,6,0%,74.33
mira twitter,0,6,0%,76.17
data deck,0,6,0%,76.67
guess us,0,6,0%,78
tesco mobile banking,0,6,0%,78.5
flightradar24 api,0,6,0%,79
internet trix,0,6,0%,79.67
snapchat in app purchases,0,6,0%,79.67
app store optimization 2016,0,6,0%,81.5
gett manchester,0,6,0%,81.5
test cqc,0,6,0%,81.83
app store keywords tool,0,6,0%,82
halifax phone app,0,6,0%,82
business app agencies,0,6,0%,82.67
marketing agencies in uk,0,6,0%,83.83
london apple store,0,6,0%,85.33
ground app,0,6,0%,85.5
mobile advertising agency berlin,0,6,0%,86.33
tesco logs,0,6,0%,86.5
phone farm apps,0,6,0%,87.17
what is a phone farm,0,6,0%,88.5
display market agency london,0,6,0%,88.67
app store optimisation tools,0,6,0%,88.83
karhoo app,0,6,0%,89.83
facebook advertising agencies london,0,6,0%,90.17
app store optimization ppt,0,6,0%,90.5
get app installs,0,6,0%,92.83
mira uk,0,6,0%,93
apps for sexting,0,6,0%,93.17
window shopping app,0,6,0%,93.33
app fraud,0,6,0%,95.17
ios app design london,0,6,0%,96.5
mobile apps marketing,0,6,0%,98.67
instant apps google play,0,6,0%,99.67
app keywords rankings,0,6,0%,100.17
most used apps,0,6,0%,110.67
marketing agency,0,6,0%,123.17
digital advertising agency,0,6,0%,339.33
social media management company,0,6,0%,342.83
instagram,0,5,0%,3
marketing aso,0,5,0%,4.2
mobile display marketing agencies,0,5,0%,4.6
showcase ar,0,5,0%,7
so 2014,0,5,0%,7.4
appstore london,0,5,0%,9.2
fo store,0,5,0%,10
health unlocked app,0,5,0%,10
mobile application marketing services,0,5,0%,11.2
ua ads,0,5,0%,13.6
genes in space game,0,5,0%,17.4
mira twitch snapchat,0,5,0%,17.4
app video agency,0,5,0%,20
fonebook mira,0,5,0%,26.4
tesco bank app android,0,5,0%,28.2
business viop,0,5,0%,30.8
play store london,0,5,0%,31.8
facebook ads cpi,0,5,0%,32
mira ranger,0,5,0%,32.2
app store optimization service,0,5,0%,37
tapped out marketing agency,0,5,0%,38
tescobank.com apps,0,5,0%,38
hearthstone play market,0,5,0%,38.8
tesco online banking register,0,5,0%,41.6
rende.vu app,0,5,0%,41.8
tps protect android,0,5,0%,42
trix facebook,0,5,0%,43
halifax gambling block,0,5,0%,43.4
mica vaipan,0,5,0%,43.8
revealing google mobile strategy,0,5,0%,45.8
airdriod,0,5,0%,46.6
bink loyalty,0,5,0%,49.2
crushads,0,5,0%,49.6
analysis us eu lomas techcrunch,0,5,0%,51
google uac agency,0,5,0%,51.4
oval app,0,5,0%,51.4
frustration game tesco,0,5,0%,52
childline app,0,5,0%,52.2
kpms,0,5,0%,52.6
googlespy,0,5,0%,56.4
spot on marketing reviews,0,5,0%,59.2
how to use blippar app,0,5,0%,60.4
app sti,0,5,0%,61.2
yo marketing,0,5,0%,61.6
cirt gcu,0,5,0%,62.2
family guy tapped out,0,5,0%,63.4
aso agentur,0,5,0%,63.6
competitor app analytics,0,5,0%,64.2
app ranking and store data,0,5,0%,72.4
marketing companies london uk,0,5,0%,73
semen analysis game,0,5,0%,73.2
apple appstore,0,5,0%,73.6
aso marketing tools,0,5,0%,74.6
blink messaging,0,5,0%,74.8
phone farm,0,5,0%,75
dot text,0,5,0%,75.6
hageloh,0,5,0%,77.8
online video campaigns london,0,5,0%,79.4
boots advantage card app android,0,5,0%,80.2
tinyco,0,5,0%,80.4
soar app,0,5,0%,83.8
fashion retail sharepoint,0,5,0%,84.4
plane tracking app,0,5,0%,84.4
mobile growth aso,0,5,0%,85.4
mira.co.uk,0,5,0%,85.8
flutter desktop app,0,5,0%,86
aso mobile growth,0,5,0%,86.2
instant apps google,0,5,0%,87.2
wetherspoon app,0,5,0%,87.6
fakeapp alternative,0,5,0%,87.8
google local verify,0,5,0%,88.2
taiga smartphone,0,5,0%,89.4
tesco mobile,0,5,0%,90
vodafone creating mobile apps,0,5,0%,90
keyword research google play,0,5,0%,90.8
police fingerprint scanner,0,5,0%,92
wirex botnet,0,5,0%,92
any do review,0,5,0%,92.4
best apps for london,0,5,0%,92.6
alphonso app listening,0,5,0%,93.6
iapple store,0,5,0%,93.6
fabric app development,0,5,0%,94
family guy scenery,0,5,0%,94
app ranking play store,0,5,0%,94.2
octava,0,5,0%,94.6
flux receipts,0,5,0%,94.8
uk apps store,0,5,0%,95
upworks uk,0,5,0%,95.4
facebook agency london,0,5,0%,95.8
android app marketing services,0,5,0%,97
store optimization app rankings,0,5,0%,100
app retention,0,5,0%,124.4
millions the latest android,0,5,0%,131.6
share trading app,0,5,0%,146
uk seo consultant,0,5,0%,156.6
capture email website,0,5,0%,183.2
video agency uk,0,5,0%,227.4
marketing consultant,0,5,0%,288.2
mobile marketing and advertising,0,4,0%,6.25
aso is,0,4,0%,6.5
avaite,0,4,0%,11.5
marketing agencies mobile,0,4,0%,14
play ads,0,4,0%,16.5
mobile banking marketing,0,4,0%,20
flutter phone,0,4,0%,21.25
rentalcar app,0,4,0%,28.25
natwest budgeting app,0,4,0%,28.75
play market hearthstone,0,4,0%,31.25
flutter e-commerce,0,4,0%,31.5
fortniteapp online,0,4,0%,33